Roll No,Name,Tenth,Inter,B.Tech,YesNo,College,CGPA
13003001,CHANDRA,61,66,6.86,1,CHAITANYA,8.5
13003002,TADIBOINA,89,96,8.09,1,CHAITANYA,8.3
13003004,HEMANTH,95,97,8.35,1,NARAYANA ,7.5
13003005,HARSHA,92,92,8.36,1,NARAYANA,6.9
13003006,JYOTHSNA,86,90,8.01,1,NARAYANA,7
13003007,BADE,90,84,7.34,1,CHAITANYA,8.2
13003008,ADDAGARLA,90,95,7.67,0,NARAYANA,9.1
13003011,CHANDANA,76,79,6.88,1,NARAYANA,9.4
13003013,KUMAR,87,91,7.03,1,CHAITANYA,7.1
13003014,TRIDHARA,86,92,7.86,1,NRI,7.2
13003017,SHARIFF,75,89,7.78,0,CHAITANYA,8.4
13003019,KIRANMAIEE,89,96,7.48,1,NARAYANA,8.6
13003020,GURU DEV,82,87,7.68,1,CHAITANYA,9.5
13003021,GANJI,78,88,6.9,1,NARAYANA,7.8
13003022,PATNALA,78,91,8.09,0,CHAITANYA,8.9
13003023,SAI,68,92,7.53,0,NARAYANA ,7.3
13003024,REDDI,90,85,7.33,0,NRI ,8.7
13003025,ROHINI,91,94,9.34,0,NRI,9.4
13003026,PRATHYUSHA,91,91,7.54,0,CHAITANYA,9.5
13003029,KUSH,89,89,7.4,0,NARAYANA,9.2
13003030,BAIRABOINA,90,80,7.44,1,NARAYANA,9.2
13003032,SAI,84,82,7.85,0,CHAITANYA,9.1
13003036,KOLAVENNU,79,86,7.38,0,NARAYANA,9.6
13003037,SUNNY,89,92,8.29,0,NRI,8.3
13003038,VADI,83,85,6.91,0,NARAYANA,9
13003039,KUMAR,80,88,7.51,0,NRI,7.3
13003040,ALEKHYA,89,82,8.3,1,CHAITANYA,7.3
13003041,GURRAM,90,88,7.27,0,CHAITANYA,8.5
13003042,PILLI,89,80,7.1,0,NARAYANA,8
13003043,CHILLAPALLI,90,95,8.17,0,NRI,8.4
13003044,THIRUMALA RAO,85,83,8.2,0,NRI,9.3
13003045,BASHA,93,96,8.2,0,CHAITANYA,8.3
13003046,POOJITHA,87,88,8.57,0,NRI,7.3
13003049,NARENDRA BABU,82,85,7.81,0,CHAITANYA,7.3
13003051,SANDHYA,86,76,6.93,0,CHAITANYA,7.8
13003052,RAGHAVA,88,84,7.5,0,NRI,7.2
13003056,RAJESH,75,85,7.69,0,CHAITANYA,7
13003058,MUKTAM,83,93,7.38,0,NARAYANA,7.6
13003061,AVANIGADDA,94,86,8.23,0,CHAITANYA,7.2
13003062,KOLASANI,81,91,8.46,0,CHAITANYA,7.4
13003063,MOUNIKA,84,85,7.59,0,NARAYANA,8.3
13003064,MUNTHA,92,90,7.66,0,CHAITANYA,7
13003065,BHUSAMSETTI,93,96,9.25,0,CHAITANYA,8.5
13003067,KONDAPALLI,93,93,8.67,0,NARAYANA,8.2
13003069,SOWDAMINI,95,94,8.87,0,CHAITANYA,8.3
13003070,NADELLA,94,96,9.91,1,CHAITANYA,8.3
13003071,VIJAYA LAKSHMI,72,93,9.36,1,CHAITANYA,8.3
13003072,MAHAMKALI,83,85,8.3,1,NRI,8.3
13003073,KRISHNA,86,95,8.58,1,CHAITANYA,8.3
13003074,HARSHITA,88,93,8.99,1,CHAITANYA ,8.6
13003075,UDAYINI,92,96,9.41,1,NARAYANA,8.1
13003076,CHEEMAKURTHY,92,95,9.59,0,NARAYANA,7.3
13003077,RAVALIKA,86,93,8.38,1,NRI,6.3
13003078,POTHARAJU,88,92,8.06,1,NARAYANA ,7.5
13003079,PUJITHA,94,94,8.75,1,CHAITANYA,8.1
13003080,SOWMITH,90,93,9.12,0,NARAYANA,9.2
13003082,GUNDREDDI,83,95,8.22,1,NARAYANA,9.5
13003084,AKHILA,84,93,8.11,1,NARAYANA,7
13003086,KANCHERLA,73,96,9.57,1,CHAITANYA ,7.1
13003087,VENGALIL,91,92,7.78,0,CHAITANYA,8
13003088,DEEPIKA,87,91,7.58,0,CHAITANYA,8.5
13003089,REDLAPALLI,93,94,8.5,0,NARAYANA,9.4
13003090,REDDY,91,95,9.38,1,NARAYANA ,7.9
13003091,DODDALA,91,94,7.66,1,CHAITANYA,7.8
13003092,NIMMALAPUDI,88,93,8.18,1,NRI,7.2
13003096,BOLISETTY,90,95,8.43,1,CHAITANYA,8.5
13003097,VANGALA,95,94,8.78,1,CHAITANYA,9.5
13003098,NALLURI,68,90,7.75,1,CHAITANYA,9.8
13003099,KUMAR,90,87,7.93,0,CHAITANYA,9
13003100,KHATOON,86,94,8.75,1,NARAYANA,9
13003101,GOPI,83,93,8.29,1,CHAITANYA,9
13003102,ASHOK,85,89,7.63,1,CHAITANYA,9.3
13003103,CHOWDARY,89,93,8.27,0,CHAITANYA,8.3
13003104,CHILUKURI,93,95,7.67,1,NRI,9.2
13003105,SUSMITHA,95,96,7.59,1,CHAITANYA,7.2
13003106,NATH,85,92,8.75,1,NARAYANA,8.6
13003107,SREEJA,95,97,9.25,0,NARAYANA,8.9
13003109,PRATHYUSHA,83,95,7.97,0,NARAYANA,8.2
13003110,GADE,91,94,8.75,0,NRI,8.4
13003111,PRIYANKA,90,92,8.64,0,CHAITANYA,9.2
13003112,SANDEEP,85,88,7.25,0,CHAITANYA,8.2
13003113,VALLAPUREDDY,89,93,8.54,0,CHAITANYA,7.2
13003114,PADMA PRIYA,90,92,8.22,1,NRI,7.2
13003115,AKHIL,70,89,7.34,0,CHAITANYA,7.1
13003116,SAI NIKHILA,86,90,8.57,0,NARAYANA,7.1
13003117,KIRAN,87,94,7.28,0,NRI,7.1
13003118,TRIVENI,79,95,8.48,0,NRI,7.5
13003119,UZVAL,89,94,8.38,0,CHAITANYA,7.1
13003120,BHASHYAM,90,84,7.41,1,NRI,7.9
13003123,VEBHUDI,66,83,6.78,0,NARAYANA,9
13003124,VINEELA,83,89,8.38,0,CHAITANYA,7.9
13003125,MARTHI,76,82,8.49,0,NARAYANA,8.9
13003126,NIKHITA,86,96,9.43,0,CHAITANYA ,8.1
13003128,REDDY,94,96,9.02,0,CHAITANYA,8.4
13003129,VAKKALAGADDA,90,96,9.23,0,CHAITANYA,8.5
13003131,SREE,87,95,9.16,0,CHAITANYA,9.5
13003135,SAI TEJA,94,93,8.7,0,NARYANA ,7.8
13003136,POLAREDDY,89,97,8.99,0,NARAYANA,8.9
13003138,POTLURI,85,94,8.61,0,CHAITANYA,8.5
13003141,HARIPRIYA,95,94,9.29,0,CHAITANYA,8.5
13003142,KARANAM,83,92,7.83,0,NRI,8.5
13003143,MANOJ,87,86,6.88,0,CHAITANYA,8.5
13003144,NIMMAGADDA,92,95,8.21,0,NARAYANA,8.5
13003145,SAI SRIVATSA,89,93,8.41,0,NRI,8.5
13003146,KOTHA,88,90,8.44,0,NARAYANA,8.5
13003147,KASARLA,88,90,7.88,0,NRI,8.5
13003149,VUNDAVALLI,92,93,8.53,0,NRI,8.5
13003151,PARUCHURI,89,88,7.99,1,CHAITANYA,8.5
13003152,CHAITANYA,91,96,9.33,1,CHAITANYA ,8.5
13003153,PABBATHI,93,93,7.58,1,CHAITANYA,8.5
13003154,CHELLU,91,96,8.46,1,NARAYANA,8.5
13003155,VARAN,90,93,8.43,1,NARAYANA,7.6
13003156,BHARGAVI,85,91,7.46,1,NRI,7.5
13003157,KEERTHANA,89,96,8.81,0,NARAYANA,7.1
13003158,SRAVANTHI,90,90,7.4,1,CHAITANYA,8.3
13003159,TUMMURI,89,93,7.77,1,NRI,9.6
13003161,GURRAM,92,96,8.71,1,CHAITANYA,9.1
13003163,GIRISHKUMARI,86,96,8.41,0,NARAYANA,9
13003164,GAYATHRI,88,87,8.64,1,CHAITANYA,9
13003165,KANDAGATTLA,85,82,7.91,1,NRI,9
13003166,KUMAR,86,89,7.19,1,NRI,9.2
13003168,PHANI RAJKUMAR,65,85,6.84,0,CHAITANYA,8.1
13003170, TEJASWINI,89,92,8.76,0,CHAITANYA,9.1
13003171,MADHAVI,89,95,9.29,0,NARAYANA,7.1
13003173,C V S,91,89,8.23,1,CHAITANYA,7.1
13003174,HARSHINI,88,94,8.13,1,CHAITANYA,8
13003175,KATRAM,90,92,7.99,1,CHAITANYA,8.1
13003176,LANKA,77,84,7.07,1,NARAYANA,8
13003178,MULUKUTLA,85,93,8.57,1,NARAYANA,9.1
13003179,YALAMANCHILI,83,90,8.03,1,CHAITANYA ,8.1
13003180,SWITHA,87,93,8.59,0,NRI,7.1
13003181,KARUMURU,93,92,8.85,1,NRI,7.1
13003183,GOPAVARAPU,93,93,7.92,1,CHAITANYA ,7
13003186,NEKKADAPU,84,83,7.77,1,CHAITANYA,7
13003187,KATHIKA,89,89,8.07,0,CHAITANYA ,7
13003189,GORLA,82,88,8.18,1,CHAITANYA,7.3
13003190,PEDDIGARI,88,91,7.36,1,NRI,7
13003192,KALLURI,89,89,7.59,1,CHAITANYA ,7.8
13003193,KURRA,88,87,7.12,0,NRI,8.3
13003194,THOTA,93,94,7.86,0,NARAYANA,7.8
13003195,SRINIDHI,85,94,8.04,0,CHAITANYA,8.6
13003196,DINESH,91,93,8.53,0,CHAITANYA,8
13003198,YAKKALA,90,94,8.65,0,NRI,8.7
13003199,ALLAMSETTY,85,89,7.42,0,NRI,8.9
13003200,KUPPALA,87,84,7.17,1,NRI,9.2
13003201,VENKATESH,86,93,7.2,0,NRI,6.9
13003202,YENUMULA,77,92,7.82,0,CHAITANYA,7.6
13003204,REDDY,87,97,8.72,0,CHAITANYA,8.5
13003207,AKHILA,89,92,9.07,0,NARAYANA,8
13003208,SAI,93,97,9.66,0,NRI,7.4
13003209,GURURAJ,87,81,7.82,1,NARAYANA,6.8
13003211,REDDY,75,91,8.57,0,NARAYANA,7.3
13003212,KUMAR,91,94,7.04,0,NRI,8.8
13003213,VENIGALLA,91,95,9.28,0,NRI,9
13003214,SREEJA,93,93,7.99,0,CHAITANYA,9.67
13003215,BODEMPUDI,87,94,7.4,0,NRI,7.8
13003216,SUSMITHA,88,92,7.32,0,CHAITANYA,7.9
13003217,ANANTHA NARAYANA,91,89,8.01,0,NARAYANA,8.1
13003218,TUPAKULA,86,88,7.68,0,NRI,8.2
13003219,DHANVI,88,92,8.62,0,CHAITANYA,9.4
13003220,SOMISETTY,89,88,7.54,0,NRI,8.7
13003221,KUMAR REDDY,87,93,7.91,0,NARAYANA,7.4
13003222,KAVIKONDALA,85,87,8.15,0,CHAITANYA,7
13003223,REDDY,72,82,6.75,0,NRI,8
13003224,NIHARIKA,89,94,9.14,0,CHAITANYA,9
13003228,MOUNIKA,91,93,8.07,0,CHAITANYA,9.8
13003230,SUNKARA,91,89,8.67,0,NRI,9.5
13003232,UMMADISETTI,88,89,7.79,0,CHAITANYA,9.3
13003233,MAHESH,90,91,8.05,0,CHAITANYA ,9.2
13003234,C,78,86,7.14,1,CHAITANYA,9.1
13003235,ANUSHA,96,96,8.18,1,CHAITANYA,8
13003236,NANDURI,90,96,9.43,1,NARAYANA,9
13003238,HIMAVARSHINI,65,83,7.41,1,NRI,7
13003239,PAVANI,87,95,8.26,1,CHAITANYA,7.1
13003240,YALAMARTY,89,91,7.23,1,NRI,8.2
13003241,GUDE,83,83,7.81,0,CHAITANYA,8.3
13003242,KHAN,84,85,7.1,1,NARAYANA,8.7
13003243,LAKSHMI,94,90,8.62,1,NRI,9
13003244,,90,87,7.27,1,CHAITANYA,8
13003245,SWETHA,80,75,6.8,0,NRI,7
13003246,YASASWINI,89,92,7.86,1,CHAITANYA,7
13003248,RAO,93,89,7.67,1,NARAYANA,7.1
13003249,KODEBOYINA,93,95,8.99,1,NARAYANA,7.2
13003250,HARSHITHA,78,93,7.6,0,CHAITANYA,7.3
13003251,BATLANKI,90,90,7.72,0,CHAITANYA,7.4
13003252,POTTURI,90,87,7.67,0,CHAITANYA,7.6
13003254,REDDY,75,90,6.77,1,NARAYANA,7.5
13003255,VISWANADHUNI,82,93,7.22,1,NRI,8.6
13003256,BHAVANI,82,91,7.97,1,NARAYANA,8.5
13003257,BATTULA,89,90,7.52,1,CHAITANYA,8.4
13003258,TEJA,66,67,6.81,1,NRI,8.2
13003260,MOUNIKA,90,92,8.13,1,NRI,8.1
13003261,VEGI,88,87,7.72,0,CHAITANYA,8.2
13003262,REDDY,93,90,9.18,1,NRI,9.1
13003263,MARUBOINA,88,94,9.37,1,NARAYANA,9.3
13003264,MUNGI,95,94,8.22,1,CHAITANYA,9.4
13003265,POORNIMA,86,93,8.45,0,NARAYANA,8.9
13003266,DHULIPALLA,87,89,8.07,1,NRI,9
13003267,REDDY,91,93,7.89,1,CHAITANYA ,8.4
